Model,Perplexity,BLEU,ROUGE,Time,Size
gpt2,0.5912228643197459,0.4466063805620691,0.4659283226827216,0.43614741851088834,0.41752971841491376
distilgpt2,0.5220952678762064,0.40407243955615774,0.42481700009306966,0.2907649456739256,0.27610836217760426
t5-small,0.46024426053198686,0.5316742625738918,0.5207434194689241,0.5451842731386104,0.20203050891044214
flan-t5-base,0.4074889895619172,0.5954751740827589,0.5755585162551266,0.6542211277663326,0.8417937871268423
