Model,Perplexity,BLEU,ROUGE,Time,Size,TOPSIS Score,Rank
gpt2,32.5,0.21,0.34,1.2,124,0.49547230982604357,3.0
distilgpt2,28.7,0.19,0.31,0.8,82,0.6138660036702135,2.0
t5-small,25.3,0.25,0.38,1.5,60,0.7092845913517094,1.0
flan-t5-base,22.4,0.28,0.42,1.8,250,0.39764125068851813,4.0
